Metric,Value
RMSE,18.7485142451936
MAE,14.3754995576628
R2,0.954224854906188
AQI Category Accuracy,0.862637362637363
